{"cameraMode":{"drawMode":0,"name":"Shaded","section":"Shading Mode"},"sceneLighting":false,"audioPlay":false,"sceneViewState":{"showFog":true,"showMaterialUpdate":false,"showSkybox":true,"showFlares":true,"showImageEffects":true,"showParticleSystems":true},"in2DMode":false,"pivot":{"x":-0.3263537883758545,"y":1.3344643115997315,"z":-5.960464477539063e-8},"rotation":{"x":-0.028309453278779985,"y":-0.5133396983146668,"z":0.016946405172348024,"w":-0.857551097869873},"size":6.041227340698242,"orthographic":true}