{"cameraMode":{"drawMode":0,"name":"Shaded","section":"Shading Mode"},"sceneLighting":false,"audioPlay":false,"sceneViewState":{"showFog":true,"showMaterialUpdate":false,"showSkybox":true,"showFlares":true,"showImageEffects":true,"showParticleSystems":true},"in2DMode":false,"pivot":{"x":-1.69679856300354,"y":2.377631425857544,"z":0.0006129592657089233},"rotation":{"x":-0.33234623074531557,"y":-0.3344491720199585,"z":0.1273777037858963,"w":-0.8726194500923157},"size":2.0183329582214357,"orthographic":false}