{"cameraMode":{"drawMode":0,"name":"Shaded","section":"Shading Mode"},"sceneLighting":false,"audioPlay":false,"sceneViewState":{"showFog":true,"showMaterialUpdate":false,"showSkybox":true,"showFlares":true,"showImageEffects":true,"showParticleSystems":true},"in2DMode":false,"pivot":{"x":-0.627285361289978,"y":1.701852798461914,"z":-5.960464477539063e-8},"rotation":{"x":-0.33234623074531557,"y":-0.3344491720199585,"z":0.1273777037858963,"w":-0.8726194500923157},"size":7.126286029815674,"orthographic":false}